Chanel owner,name,age,city,ethnicity,group,Factor #1,Factor #2,Factor #3
0,Ana  Thallas ,40,Denver,White,40-60,Expensive ,Feels Good,Timeless
0,Andie Schneider,30,New York,White,Under 40,Timeless,Classic,Edgy
1,Ann Feng-Gagne,42,Irvine,Asian,40-60,Quality,Retains Value,Lasts a Lifetime
0,Anna Davis,55,Newport,White,40-60,Unique,Quality,Lasts a Lifetime
0,Anna Yershova ,37,Cincinnati,White,Under 40,Quality,Timeless,Lasts a Lifetime
1,Anne Rasso,60,New York,White,40-60,Timeless,Quality,Timeless
0,Ashmin Chowdhury,28,Atlanta,Southeast Asian,Under 40,Expensive ,Quality,Timeless
0,Barbra Berwald,48,new york,White,40-60,Quality,Expensive,Creativity
0,Chelsea Jia,33,New York,Asian,Under 40,Expensive,Timeless,Service
0,Claravel Criste,47,Marion,Asian,40-60,Quality,Timeless,Expensive
0,Danielle Scarborough,37,Atlanta,None,Under 40,Quality,Unique,History
0,Dawn Drexler,41,Dallas,White,40-60,Quality,Timeless,Trendiness
0,Deborah Pan,50,Guilford,None,40-60,Timeless,Quality,Unique
0,Delonda  Graham ,42,Atlanta,African American,40-60,Quality,Classic,Lasts a Lifetime
1,devi vallabhaneni,51,Chicago,,40-60,Quality,Lasts a Lifetime,Trendiness
0,Diana Ghods,31,Los Angeles,Middle Eastern,Under 40,Quality,Timeless,Lasts a Lifetime
0,Dillon Burke,32,Miami,White,Under 40,Quality,Timeless,Unique
0,Elena Romanchuk,35,Cincinnati,None,Under 40,Service,Quality,Lasts a Lifetime
1,eleonora zeltser,32,New York,None,Under 40,Expensive,Quality,Service
1,Ellen Schweitzer,59,New York,White,40-60,Expensive,Quality,Timeless
0,Emily Zaghi,24,Los Angeles,None,Under 40,Expensive,History,Quality
0,Erica Perilstein ,43,Ambler,None,40-60,Quality,Timeless,Timeless
0,Fei Guo,35,Somerville,Asian,40-60,Service,Unique,Expensive
1,Gabriella Mitselmakher,29,Sunny Isles Beach,None,Under 40,Feels Good,Timeless,Unique
0,Ghazaleh Matian,36,West Hollywood,None,Under 40,Quality,Timeless,Timeless
1,Grace Cheng,43,Los Angeles,Asian,40-60,Quality,Timeless,Trendiness
1,Halli Paul,52,Boca Raton,White,40-60,Quality,Timeless,Unique
1,Hanne Yoon,29,Miami,None,Under 40,Quality,Timeless,Retains Value
0,Hodaya Ohebshalom,24,Los Angeles,None,Under 40,Quality,Timeless,Feels Good
1,irina shante,60,New York,White,40-60,Timeless,Quality,Retains Value
0,isabella brody,24,New York,White,Under 40,Quality,Expensive,Retains Value
0,Jackie Shapiro,60,New Canaan,None,40-60,Quality,Timeless,Service
0,Jaclyn Chu,32,San Francisco,Asian,Under 40,Quality,Timeless,Unique
0,Javanna  Murray,43,York,None,40-60,Unique,Quality,Expensive
1,Jenik Hakhamzadeh,36,Los Angeles,White,Under 40,Service,History,Quality
0,Jennifer Chou,47,Yorba Linda,Asian,40-60,Quality,Timeless,Timeless
0,jennifer lacourte,50,los angeles,White,40-60,Expensive,Timeless,Unique
0,Jiangrong Jin,33,San Marino,Asian,Under 40,Quality,Lasts a Lifetime,Classic
1,jill meyers,53,miami,None,40-60,Classic,Timeless,Quality
0,Joane Charles,27,Pembroke Pines,African American,Under 40,Expensive,Quality,Trendiness
0,Johanna  Caplan ,47,Philadelphia,White,40-60,Timeless,Timeless,Expensive
1,Kara Fisher,42,New York,White,40-60,Quality,Timeless,Expensive
0,Karen Kraftmann,32,Philadelphia,White,Under 40,Quality,Timeless,Feels Good
0,Kathy Sterns,59,Congers,None,40-60,Quality,Branding,Service
0,Liz Giglio,33,Boston,White,Under 40,Timeless,Quality,Craftsmanship
0,Marcia Williams,46,Conshohocken,None,40-60,Quality,Craftsmanship,Service
1,Marleen  Riccelli ,47,Fort Lauderdale,None,40-60,History,Timeless,Expensive
0,melinda hightower,41,san francisco,African American,40-60,Feels Good,Unique,Retains Value
1,Nakeitheya  Smith,34,Miami,African American,Under 40,Retains Value,Quality,Pass on
0,Natalia Ramirez,26,Los Angeles,Hispanic,Under 40,Quality,Retains Value,Lasts a Lifetime
0,Natalya kapoor,42,Muttontown,White,40-60,Quality,Lasts a Lifetime,Expensive
0,Natascha Schuetz,31,New York,None,Under 40,Timeless,Quality,Unique
0,Nicole Darvish,28,,White,Under 40,Retains Value,Quality,Unique
0,Niloofar Khalili,52,Los Angeles,White,40-60,Quality,Timeless,Expensive
0,Paige  Robinson,33,,None,Under 40,Quality,Timeless,Unique
0,Parisa Leviadin,43,Beverly Hills,None,40-60,Timeless,Classic,Quality
1,Patricia Dugan,45,New York,Asian,40-60,Timeless,Quality,Lasts a Lifetime
1,Regina Monroe,46,Greer,None,40-60,Quality,Timeless,Feels Good
0,Renata Garcia,25,,White,Under 40,Quality,Lasts a Lifetime,Feels Good
0,Rene Lewis,59,Lawrenceville,None,40-60,Quality,Unique,Feels Good
0,Renee Perry,40,New York,None,40-60,Quality,Retains Value,Feels Good
0,Sabrina Milner,43,Plantation,None,40-60,Expensive,Feels Good,Timeless
0,Samantha Binder,31,New York,White,Under 40,Quality,Expensive,Timeless
0,samira mehrizi,43,los angeles,None,40-60,Quality,Timeless,Service
1,Samira Sinai,31,Santa Monica,None,Under 40,History,Expensive,Quality
0,Sanam Mahboobian,36,Santa Monica,None,Under 40,Quality,Expensive,History
1,Sandy Eyn,30,,White,Under 40,Creativity,Quality,Lasts a Lifetime
0,sara javadi,37,los angeles,White,Under 40,Lasts a Lifetime,Quality,Trendiness
1,Setareh Eghbali,34,Los Angeles,Middle Eastern,Under 40,Quality,Timeless,Service
1,shanni lo,47,houston,None,40-60,Expensive,History,Service
1,shannon neal,36,chicago,None,Under 40,Service,Expensive,Unique
0,Shannon Smith,32,Miramar,None,Under 40,Quality,Lasts a Lifetime,Feels Good
1,Sharona Neysani,43,Los Angeles,None,40-60,Timeless,Quality,Service
0,Shayda Yamini,34,,None,Under 40,Quality,Timeless,Service
0,Shayna Mickle,36,,None,Under 40,Creativity,Lasts a Lifetime,Pass Down
0,Siamphay Rattanaphasouk,47,Chicago,None,40-60,Expensive,Quality,Craftsmanship
0,sofia manashirov,43,new york,None,40-60,Quality,Expensive,Timeless
0,Tal Sakhai ,34,Miami,None,Under 40,Quality,Unique,Feels Good
1,Tamara Ramalho,48,Freeport,None,40-60,Quality,Craftsmanship,Unique
0,Tara Tucker,46,Philadelphia,None,40-60,Quality,History,Timeless
0,Tatiana  Graham,40,Joplin,White,40-60,Quality,Timeless,History
0,Tatiana Frierson,59,Dallas,White,40-60,Quality,Craftsmanship,Lasts a Lifetime
0,Tawanda Starms,49,Lake Forest,None,40-60,Quality,Craftsmanship,Lasts a Lifetime
0,Taylor Gordon,25,Miami,None,Under 40,Quality,Craftsmanship,Expensive
0,tessa stark,44,chicago,None,40-60,Quality,Service,Lasts a Lifetime
0,Tiesha LeShore,39,,African American,Under 40,Retains Value,Quality,Timeless
0,Valerie Capozzoli,40,East Islip,White,40-60,Unique,Timeless,Quality
0,Yael Elias,26,Lawrence,White,Under 40,Quality,Expensive,Retains Value
0,yael silverman,46,chicago,None,40-60,Expensive,Timeless,Retains Value
0,Yelena Ostrovskaya ,34,Los Angeles,None,Under 40,Expensive,Quality,Creativity